start,summary,expected_age,regex_age,regex_ok,gemini_age,gemini_ok,gemini_run2_age,gemini_runs_agree,gemini_season_end,season_end_correct,gemini_birth_year,gemini_age_evidence,regex_role,gemini_role,regex_game,gemini_game,regex_home,gemini_home,regex_away,gemini_away,regex_field,gemini_field,uid
2026-10-18T13:00,Referee Assignment: Referee - 43  vs.   - IU Club Soccer - Sembower Recreational Sports Field Complex - Main Field,UNKNOWN|GENERIC_ADULT,UNKNOWN,yes,UNKNOWN,yes,UNKNOWN,yes,2027,yes,,,Referee,Referee,43,43,Home,,Away,,,Main Field,034ab120-ff48-4bf7-bf8c-5e610870b192
2026-10-10T13:00,"Referee Assignment: Referee - 179 Cutters Eleven U11 Girls Red vs.  USAI 2015G Red - ISL FALL 2026 (11U & Over, All Divisions) - Karst Farm Park - Field 09B",U11|U12,U11,yes,U11,yes,U11,yes,2027,yes,,U11,Referee,Referee,179,179,Cutters Eleven U11 Girls Red,Cutters Eleven U11 Girls Red,USAI 2015G Red,USAI 2015G Red,09B,Field 09B,5f03e326-e54b-4eea-a07a-7be3d3d87fba
2026-10-10T10:30,Referee Assignment: Referee - 132  vs.   - Rec League Games 2026 - Karst Farm Park - 02B,UNKNOWN,UNKNOWN,yes,UNKNOWN,yes,UNKNOWN,yes,2027,yes,,,Referee,Referee,132,132,Home,,Away,,02B,02B,efdae31c-6e15-46a5-acf2-b07318ec49c8
2026-10-10T09:15,Referee Assignment: Referee - 118  vs.   - Rec League Games 2026 - Karst Farm Park - 02B,UNKNOWN,UNKNOWN,yes,UNKNOWN,yes,UNKNOWN,yes,2027,yes,,,Referee,Referee,118,118,Home,,Away,,02B,02B,006f2f0b-ab1d-4a1d-8e8d-b53dec08c2fa
2026-10-04T15:00,"Referee Assignment: Referee - 158 Cutters Eleven U13 Boys Red vs.  FCE United U13B Elite II - ISL FALL 2026 (11U & Over, All Divisions) - Karst Farm Park - Field 11",U13,U13,yes,U13,yes,U13,yes,2027,yes,,U13,Referee,Referee,158,158,Cutters Eleven U13 Boys Red,Cutters Eleven U13 Boys Red,FCE United U13B Elite II,FCE United U13B Elite II,11,Field 11,a61632d4-e45e-46a4-878c-ab103c67ad92
2026-10-04T13:30,"Referee Assignment: Asst Referee 1 - 44 Cutters Eleven U14 Boys Red vs.  Goshen Stars 2012/2013 Boys Gray - ISL FALL 2026 (11U & Over, All Divisions) - Karst Farm Park - Field 11",U14|U15,U14,yes,U14,yes,U14,yes,2027,yes,,U14,Asst Referee 1,Asst Referee 1,44,44,Cutters Eleven U14 Boys Red,Cutters Eleven U14 Boys Red,Goshen Stars 2012/2013 Boys Gray,Goshen Stars 2012/2013 Boys Gray,11,Field 11,f44e0bbe-4bb6-4c29-ab98-8c07b2f8e80d
2026-10-03T13:00,"Referee Assignment: Referee - 341 Cutters Eleven U12 Girls Red vs.  Indy Eleven 2015G Academy 1 - ISL FALL 2026 (11U & Over, All Divisions) - Karst Farm Park - Field 09B",U12,U12,yes,U12,yes,U12,yes,2027,yes,,U12,Referee,Referee,341,341,Cutters Eleven U12 Girls Red,Cutters Eleven U12 Girls Red,Indy Eleven 2015G Academy 1,Indy Eleven 2015G Academy 1,09B,Field 09B,0865a14e-c1fd-4412-b8e3-009044fb6b10
2026-10-03T10:30,Referee Assignment: Referee - 131  vs.   - Rec League Games 2026 - Karst Farm Park - 02B,UNKNOWN,UNKNOWN,yes,UNKNOWN,yes,UNKNOWN,yes,2027,yes,,,Referee,Referee,131,131,Home,,Away,,02B,02B,4f065553-f266-4e5e-811d-7de2ee472d3d
2026-10-03T09:15,Referee Assignment: Referee - 117  vs.   - Rec League Games 2026 - Karst Farm Park - 02B,UNKNOWN,UNKNOWN,yes,UNKNOWN,yes,UNKNOWN,yes,2027,yes,,,Referee,Referee,117,117,Home,,Away,,02B,02B,2e6c4781-4da2-426e-be5f-b0628fd2750c
2026-09-27T12:30,"Referee Assignment: Referee - 1023 Cutters Eleven U12 Boys Red vs.  St Francis Premier U12B Blue - ISL FALL 2026 (11U & Over, All Divisions) - Karst Farm Park - Field 09B",U12,U12,yes,U12,yes,U12,yes,2027,yes,,U12,Referee,Referee,1023,1023,Cutters Eleven U12 Boys Red,Cutters Eleven U12 Boys Red,St Francis Premier U12B Blue,St Francis Premier U12B Blue,09B,Field 09B,b09a652b-38c9-4ebf-b98d-704ccf1dbad3
2026-09-27T11:00,"Referee Assignment: Asst Referee 2 - 882 Columbus Express 2015/16B Blue vs.  FCE United U11B White - ISL FALL 2026 (11U & Over, All Divisions) - Karst Farm Park - Field 09B",U11|U12,U11,yes,U11,yes,U11,yes,2027,yes,,U11,Asst Referee 2,Asst Referee 2,882,882,Columbus Express 2015/16B Blue,Columbus Express 2015/16B Blue,FCE United U11B White,FCE United U11B White,09B,Field 09B,b021bc0f-f7b2-4455-860f-9f5d3907774b
2026-08-30T11:30,Referee Assignment: Referee - 68  vs.   - Karst Park Friendlies 2026 - Karst Farm Park - Field 09,UNKNOWN,UNKNOWN,yes,UNKNOWN,yes,UNKNOWN,yes,2027,yes,,,Referee,Referee,68,68,Home,,Away,,09,Field 09,9fc7ea05-f4ba-427a-afeb-9390cba281b3
2026-08-30T09:00,Referee Assignment: Asst Referee 1 - 67  vs.   - Karst Park Friendlies 2026 - Karst Farm Park - Field 09,UNKNOWN,UNKNOWN,yes,UNKNOWN,yes,UNKNOWN,yes,2027,yes,,,Asst Referee 1,Asst Referee 1,67,67,Home,,Away,,09,Field 09,7d582ce1-6c33-4015-b386-444ab6074722
2026-08-29T16:00,Referee Assignment: Asst Referee 1 - 59  vs.   - Karst Park Friendlies 2026 - Karst Farm Park - Field 12,UNKNOWN,UNKNOWN,yes,UNKNOWN,yes,UNKNOWN,yes,2027,yes,,,Asst Referee 1,Asst Referee 1,59,59,Home,,Away,,12,Field 12,e0257b99-013c-44b5-94c9-c817f378b752
2026-08-29T14:30,Referee Assignment: Referee - 58  vs.   - Karst Park Friendlies 2026 - Karst Farm Park - Field 12,UNKNOWN,UNKNOWN,yes,UNKNOWN,yes,UNKNOWN,yes,2027,yes,,,Referee,Referee,58,58,Home,,Away,,12,Field 12,3a271836-0c81-4e18-8335-a7dcac4e9e4d
2026-08-22T16:00,Referee Assignment: Referee - 23  vs.   - Karst Park Friendlies 2026 - Karst Farm Park - Field 10 - No 11v11,UNKNOWN,UNKNOWN,yes,UNKNOWN,yes,UNKNOWN,yes,2027,yes,,,Referee,Referee,23,23,Home,,Away,,10,Field 10,115fd2e6-2d4c-4eab-95b4-ba8f3bea2f42
2026-08-22T14:00,Referee Assignment: Asst Referee 1 - 14  vs.   - Karst Park Friendlies 2026 - Karst Farm Park - Field 12,UNKNOWN,UNKNOWN,yes,UNKNOWN,yes,UNKNOWN,yes,2027,yes,,,Asst Referee 1,Asst Referee 1,14,14,Home,,Away,,12,Field 12,9e759378-a675-4726-9870-b4b1803958ff
2026-08-22T12:30,Referee Assignment: Referee - 17  vs.   - Karst Park Friendlies 2026 - Karst Farm Park - Field 12,UNKNOWN,UNKNOWN,yes,UNKNOWN,yes,UNKNOWN,yes,2027,yes,,,Referee,Referee,17,17,Home,,Away,,12,Field 12,f20d7b42-b0e0-4a09-a431-b2acbd25f1f4
2026-08-22T11:00,Referee Assignment: Referee - 16  vs.   - Karst Park Friendlies 2026 - Karst Farm Park - Field 12,UNKNOWN,UNKNOWN,yes,UNKNOWN,yes,UNKNOWN,yes,2027,yes,,,Referee,Referee,16,16,Home,,Away,,12,Field 12,de605b0d-c39a-4464-ba28-02e9abc45169
2026-06-07T12:00,Referee Assignment: 4th Official - 596 FC Midwest Academy - 2012/13 Boys vs.  SCSA Eleven 2012B Red - Classic At The Rock 2026 - SCSA Complex - Field 10,U14,U14,yes,U14,yes,U14,yes,2026,yes,2012,2012,4th Official,4th Official,596,596,FC Midwest Academy - 2012/13 Boys,FC Midwest Academy - 2012/13 Boys,SCSA Eleven 2012B Red,SCSA Eleven 2012B Red,10,Field 10,dbd1e2fc-4833-4b7e-a7bf-daa184e10f98
2026-06-07T10:40,Referee Assignment: Referee - 533 FC Midwest Academy - 2010 Boys vs.  St Francis Premier 2010B Grey - Classic At The Rock 2026 - SCSA Complex - Field 10,U16,U16,yes,U16,yes,U16,yes,2026,yes,2010,2010,Referee,Referee,533,533,FC Midwest Academy - 2010 Boys,FC Midwest Academy - 2010 Boys,St Francis Premier 2010B Grey,St Francis Premier 2010B Grey,10,Field 10,f3058114-1178-488a-93bb-848ced30fd3f
2026-06-07T09:20,Referee Assignment: Asst Referee 1 - 492 SCSA Eleven 2009/10G Red vs.  Impact SC 2008 GE1 - Classic At The Rock 2026 - SCSA Complex - Field 10,U18,U18,yes,U18,yes,U18,yes,2026,yes,2008,2008,Asst Referee 1,Asst Referee 1,492,492,SCSA Eleven 2009/10G Red,SCSA Eleven 2009/10G Red,Impact SC 2008 GE1,Impact SC 2008 GE1,10,Field 10,25c126e6-ba3b-46e7-b92c-91d358da9cfc
2026-06-07T08:00,Referee Assignment: Asst Referee 2 - 675 SCSA Eleven 2007-08G Red vs.  USAI 2008G Red - Classic At The Rock 2026 - SCSA Complex - Field 10,U19,U19,yes,U19,yes,U19,yes,2026,yes,2007,2007,Asst Referee 2,Asst Referee 2,675,675,SCSA Eleven 2007-08G Red,SCSA Eleven 2007-08G Red,USAI 2008G Red,USAI 2008G Red,10,Field 10,a713b3be-327c-4750-8a6a-46a8d02cbc68
2026-06-06T18:30,Referee Assignment: Referee - 641 MidState 2012/2013 Girls vs.  MSSC 2012/13 Girls - Classic At The Rock 2026 - SCSA Complex - Field 01,U14,U14,yes,U14,yes,U14,yes,2026,yes,2012,2012,Referee,Referee,641,641,MidState 2012/2013 Girls,MidState 2012/2013 Girls,MSSC 2012/13 Girls,MSSC 2012/13 Girls,01,Field 01,ee8ac7c4-b3d0-41df-911c-59d1b7000969
2026-06-06T17:20,Referee Assignment: Asst Referee 1 - 497 USAI 2011G White vs.  St Francis Premier 2011G Blue - Classic At The Rock 2026 - SCSA Complex - Field 01,U15,U15,yes,U15,yes,U15,yes,2026,yes,2011,2011,Asst Referee 1,Asst Referee 1,497,497,USAI 2011G White,USAI 2011G White,St Francis Premier 2011G Blue,St Francis Premier 2011G Blue,01,Field 01,c7db349b-bb59-4b92-b202-3430a53304b5
2026-06-06T16:10,Referee Assignment: 4th Official - 554 FCTL Lafayette 2011 Boys vs.  ECU 2011 B Gold (IN) - Classic At The Rock 2026 - SCSA Complex - Field 01,U15,U15,yes,U15,yes,U15,yes,2026,yes,2011,2011,4th Official,4th Official,554,554,FCTL Lafayette 2011 Boys,FCTL Lafayette 2011 Boys,ECU 2011 B Gold (IN),ECU 2011 B Gold (IN),01,Field 01,939943fc-35c7-42f7-a16c-9c9643e1db8a
2026-05-24T15:15,"Referee Assignment: Referee - 3318 Cutters SC U18 Boys Red vs.  USAI 2007B Blue - ISL SPRING 2026 (11U & Over, All Divisions) - Karst Farm Park - Field 11",U18|U19,U18,yes,U18,yes,U18,yes,2026,yes,,U18,Referee,Referee,3318,3318,Cutters SC U18 Boys Red,Cutters SC U18 Boys Red,USAI 2007B Blue,USAI 2007B Blue,11,Field 11,2cdb6a83-1f91-438e-aff9-763ef4acee4b
2026-05-20T18:30,"Referee Assignment: Referee - 1845 Cutters SC 2014 Boys White vs.  SCSA Eleven 2014B Grey - ISL SPRING 2026 (11U & Over, All Divisions) - Karst Farm Park - Field 08N",U12,U12,yes,U12,yes,U12,yes,2026,yes,2014,2014,Referee,Referee,1845,1845,Cutters SC 2014 Boys White,Cutters SC 2014 Boys White,SCSA Eleven 2014B Grey,SCSA Eleven 2014B Grey,08N,Field 08N,f04d16f5-aa2e-4b83-a05b-524f842dcd98
2026-05-17T16:00,"Referee Assignment: Asst Referee 2 - 3275 Cutters SC 2009/10 Boys White vs.  Indy Premier 09B Mundial - ISL SPRING 2026 (11U & Over, All Divisions) - Karst Farm Park - Field 09",U17,U17,yes,U17,yes,U17,yes,2026,yes,2009,2009,Asst Referee 2,Asst Referee 2,3275,3275,Cutters SC 2009/10 Boys White,Cutters SC 2009/10 Boys White,Indy Premier 09B Mundial,Indy Premier 09B Mundial,09,Field 09,d4a7a84a-dd88-4ac0-8a96-78408b1f8731
2026-04-19T13:15,"Referee Assignment: Asst Referee 1 - 1567 Cutters SC 2015 Boys Blue vs.  SCSA Eleven 2015B Black - ISL SPRING 2026 (11U & Over, All Divisions) - Karst Farm Park - Field 08N",U11,U11,yes,U11,yes,U11,yes,2026,yes,2015,2015,Asst Referee 1,Asst Referee 1,1567,1567,Cutters SC 2015 Boys Blue,Cutters SC 2015 Boys Blue,SCSA Eleven 2015B Black,SCSA Eleven 2015B Black,08N,Field 08N,f2fb1b39-2439-445d-8375-847a8d0bbec7
2026-04-19T12:00,"Referee Assignment: Referee - 1610 Cutters SC 2015 Boys White vs.  Impact SC 2015 BA3 - ISL SPRING 2026 (11U & Over, All Divisions) - Karst Farm Park - Field 08S",U11,U11,yes,U11,yes,U11,yes,2026,yes,2015,2015,Referee,Referee,1610,1610,Cutters SC 2015 Boys White,Cutters SC 2015 Boys White,Impact SC 2015 BA3,Impact SC 2015 BA3,08S,Field 08S,5d7a4339-fc7c-40c4-9d33-16b067f1b589
2026-04-18T13:30,"Referee Assignment: Referee - 566 Alliance Eleven 2012B vs.  Indy Phoenix FC 2012B - ISL SPRING 2026 (11U & Over, All Divisions) - Karst Farm Park - Field 11",U14,U14,yes,U14,yes,U14,yes,2026,yes,2012,2012B,Referee,Referee,566,566,Alliance Eleven 2012B,Alliance Eleven 2012B,Indy Phoenix FC 2012B,Indy Phoenix FC 2012B,11,Field 11,b6546866-374e-449d-94f2-edf049f8fe41
2026-04-18T10:30,Referee Assignment: Referee - 18  vs.   - Rec League Games 2026 - Karst Farm Park - Field 08 - No 11v11,UNKNOWN,UNKNOWN,yes,UNKNOWN,yes,UNKNOWN,yes,2026,yes,,,Referee,Referee,18,18,Home,,Away,,08,Field 08,30e651e7-7b9f-42f4-a4a8-be54a571815a
2026-04-18T09:15,Referee Assignment: Referee - 12  vs.   - Rec League Games 2026 - Karst Farm Park - 12A,UNKNOWN,UNKNOWN,yes,UNKNOWN,yes,UNKNOWN,yes,2026,yes,,,Referee,Referee,12,12,Home,,Away,,12A,12A,f8c75674-dace-4f58-bfa3-18b84dd78a55
2026-04-04T13:30,"Referee Assignment: Asst Referee 2 - 1092 Cutters SC 2012 Girls Red vs.  Hendricks Elite FC 2012G - ISL SPRING 2026 (11U & Over, All Divisions) - Karst Farm Park - Field 11",U14,U14,yes,U14,yes,U14,yes,2026,yes,2012,2012,Asst Referee 2,Asst Referee 2,1092,1092,Cutters SC 2012 Girls Red,Cutters SC 2012 Girls Red,Hendricks Elite FC 2012G,Hendricks Elite FC 2012G,11,Field 11,1cf6ac0b-837a-42b4-b1bf-884f1bf66843
2026-04-04T12:00,"Referee Assignment: Referee - 2619 Cutters SC 2013 Boys White vs.  St Francis Premier 2013B Blue - ISL SPRING 2026 (11U & Over, All Divisions) - Karst Farm Park - Field 09",U13,U13,yes,U13,yes,U13,yes,2026,yes,2013,2013,Referee,Referee,2619,2619,Cutters SC 2013 Boys White,Cutters SC 2013 Boys White,St Francis Premier 2013B Blue,St Francis Premier 2013B Blue,09,Field 09,8d6c6eee-3fed-4d97-bf95-0d6452da3ae1
2025-10-26T13:15,"Referee Assignment: Referee - 1444 Cutters SC 2014 Boys White vs.  Muscatatuck United 2014/15 Red - ISL FALL 2025 (11U & Over, All Divisions) - Karst Farm Park - Field 08N",U12,U12,yes,U12,yes,U12,yes,2026,yes,2014,2014,Referee,Referee,1444,1444,Cutters SC 2014 Boys White,Cutters SC 2014 Boys White,Muscatatuck United 2014/15 Red,Muscatatuck United 2014/15 Red,08N,Field 08N,22d6fcf3-4261-4ee8-9281-7c65826ba9bd
2025-10-24T17:00,Referee Assignment: Asst Referee 2 - 4  vs.   - Law School Tournament - Karst Farm Park - Field 02,UNKNOWN|GENERIC_ADULT,UNKNOWN,yes,UNKNOWN,yes,UNKNOWN,yes,2026,yes,,,Asst Referee 2,Asst Referee 2,4,4,Home,,Away,,02,Field 02,276f1bc0-210d-4fd8-aaea-0aab8441dc9a
2025-10-18T13:00,"Referee Assignment: Referee - 944 Blue River SA - BRSA BLAST U11 Boys vs.  FCE United 2015 Boys white - ISL FALL 2025 (11U & Over, All Divisions) - Karst Farm Park - Field 08N",U11,U11,yes,U11,yes,U11,yes,2026,yes,,U11,Referee,Referee,944,944,Blue River SA - BRSA BLAST U11 Boys,Blue River SA - BRSA BLAST U11 Boys,FCE United 2015 Boys white,FCE United 2015 Boys white,08N,Field 08N,ef4f2702-686f-4a50-ad5a-93c8e64e567b
2025-10-18T11:45,Referee Assignment: Referee - 151  vs.   - Rec League Games 2025 - Karst Farm Park - Field 02,UNKNOWN,UNKNOWN,yes,UNKNOWN,yes,UNKNOWN,yes,2026,yes,,,Referee,Referee,151,151,Home,,Away,,02,Field 02,a09387d4-9771-4918-b746-a667fbe359e2
2025-10-18T10:30,Referee Assignment: Referee - 103  vs.   - Rec League Games 2025 - Karst Farm Park - 02A,UNKNOWN,UNKNOWN,yes,UNKNOWN,yes,UNKNOWN,yes,2026,yes,,,Referee,Referee,103,103,Home,,Away,,02A,02A,8d310d91-b112-418d-bbb2-fcde3314cbb1
2025-10-11T14:30,"Referee Assignment: Asst Referee 1 - 133 Cutters SC 2013 Boys Red vs.  NWI Lions United 2013B Yellow - ISL FALL 2025 (11U & Over, All Divisions) - Karst Farm Park - Field 01",U13,U13,yes,U13,yes,U13,yes,2026,yes,2013,2013,Asst Referee 1,Asst Referee 1,133,133,Cutters SC 2013 Boys Red,Cutters SC 2013 Boys Red,NWI Lions United 2013B Yellow,NWI Lions United 2013B Yellow,01,Field 01,2d5b50a9-e266-4910-9a13-bab898ee2049
2025-10-05T16:00,"Referee Assignment: Referee - 487 Cutters SC 2014 Girls Red vs.  TH Premier 2014G Copa - ISL FALL 2025 (11U & Over, All Divisions) - Karst Farm Park - Field 08S",U12,U12,yes,U12,yes,U12,yes,2026,yes,2014,2014,Referee,Referee,487,487,Cutters SC 2014 Girls Red,Cutters SC 2014 Girls Red,TH Premier 2014G Copa,TH Premier 2014G Copa,08S,Field 08S,43019031-f595-4f41-9677-6e648974572f
2025-10-05T14:45,"Referee Assignment: Asst Referee 1 - 1276 FCE United 2014 Boys White vs.  WSU Boys 2014 Premiere I - ISL FALL 2025 (11U & Over, All Divisions) - Karst Farm Park - Field 08N",U12,U12,yes,U12,yes,U12,yes,2026,yes,2014,2014,Asst Referee 1,Asst Referee 1,1276,1276,FCE United 2014 Boys White,FCE United 2014 Boys White,WSU Boys 2014 Premiere I,WSU Boys 2014 Premiere I,08N,Field 08N,6cde5f4b-8617-4e9d-a2f5-110b5f7aacf6
2025-09-28T14:30,"Referee Assignment: Asst Referee 1 - 1895 St Francis Premier 2012B Grey vs.  FCE United 2012 Boys - ISL FALL 2025 (11U & Over, All Divisions) - Karst Farm Park - Field 02",U14,U14,yes,U14,yes,U14,yes,2026,yes,2012,2012,Asst Referee 1,Asst Referee 1,1895,1895,St Francis Premier 2012B Grey,St Francis Premier 2012B Grey,FCE United 2012 Boys,FCE United 2012 Boys,02,Field 02,e81b599a-0c61-47b8-84a7-6c5a705490b5
2025-09-28T11:00,Referee Assignment: Referee - 40  vs.   - IU Club Soccer - Sembower Recreational Sports Field Complex - Main Field,UNKNOWN|GENERIC_ADULT,UNKNOWN,yes,UNKNOWN,yes,UNKNOWN,yes,2026,yes,,,Referee,Referee,40,40,Home,,Away,,,Main Field,0074e7fd-4491-4475-b5bf-8a30c1a8b43a
2025-09-21T13:00,Referee Assignment: Asst Referee 1 - 36  vs.   - IU Club Soccer - Sembower Recreational Sports Field Complex - Main Field,UNKNOWN|GENERIC_ADULT,UNKNOWN,yes,UNKNOWN,yes,UNKNOWN,yes,2026,yes,,,Asst Referee 1,Asst Referee 1,36,36,Home,,Away,,,Main Field,cf1e6bf5-3a5e-47f3-af00-271e253cfc99
2025-09-21T10:00,Referee Assignment: Asst Referee 2 - 35  vs.   - IU Club Soccer - Sembower Recreational Sports Field Complex - Main Field,UNKNOWN|GENERIC_ADULT,UNKNOWN,yes,UNKNOWN,yes,UNKNOWN,yes,2026,yes,,,Asst Referee 2,Asst Referee 2,35,35,Home,,Away,,,Main Field,4a2a8988-38fb-4b37-a913-da7ff2e040b0
2025-09-20T16:30,"Referee Assignment: Asst Referee 1 - 129 Cutters SC 2013 Boys Red vs.  Indy Phoenix FC 2013B - ISL FALL 2025 (11U & Over, All Divisions) - Karst Farm Park - Field 01",U13,U13,yes,U13,yes,U13,yes,2026,yes,2013,2013,Asst Referee 1,Asst Referee 1,129,129,Cutters SC 2013 Boys Red,Cutters SC 2013 Boys Red,Indy Phoenix FC 2013B,Indy Phoenix FC 2013B,01,Field 01,e9e415eb-6415-41bc-ae44-df5d807ec965
2025-09-20T15:00,"Referee Assignment: Referee - 1897 Cutters SC 2012 Boys Red vs.  Columbus Express 2012B Blue - ISL FALL 2025 (11U & Over, All Divisions) - Karst Farm Park - Field 01",U14,U14,yes,U14,yes,U14,yes,2026,yes,2012,2012,Referee,Referee,1897,1897,Cutters SC 2012 Boys Red,Cutters SC 2012 Boys Red,Columbus Express 2012B Blue,Columbus Express 2012B Blue,01,Field 01,8ad3ea93-d272-4164-95cb-b114cc48b7f0
2025-09-14T17:30,"Referee Assignment: Asst Referee 1 - 185 Alliance Eleven 2012B vs.  Indy Eleven 2012B Academy 2 - ISL FALL 2025 (11U & Over, All Divisions) - Karst Farm Park - Field 01",U14,U14,yes,U14,yes,U14,yes,2026,yes,2012,2012B,Asst Referee 1,Asst Referee 1,185,185,Alliance Eleven 2012B,Alliance Eleven 2012B,Indy Eleven 2012B Academy 2,Indy Eleven 2012B Academy 2,01,Field 01,00bc50c0-9879-469e-af91-5225a46170ac
2025-09-14T15:45,"Referee Assignment: Referee - 766 Union FC Indy 2012 Girls Teal II vs.  Indy Eleven Spirit 12G White - ISL FALL 2025 (11U & Over, All Divisions) - Karst Farm Park - Field 02",U14,U14,yes,U14,yes,U14,yes,2026,yes,2012,2012,Referee,Referee,766,766,Union FC Indy 2012 Girls Teal II,Union FC Indy 2012 Girls Teal II,Indy Eleven Spirit 12G White,Indy Eleven Spirit 12G White,02,Field 02,3a5c8328-f7d6-407f-a73a-92fcaebc7f9d
2025-09-13T16:45,Referee Assignment: Referee - 340 Cutters SC 2016 Boys 2 vs.  WSU Boys 2016/2017 Green - ISA FALL 2025 - Central North Conference - Karst Farm Park - Field 05A,U10,U10,yes,U10,yes,U10,yes,2026,yes,2016,2016,Referee,Referee,340,340,Cutters SC 2016 Boys 2,Cutters SC 2016 Boys 2,WSU Boys 2016/2017 Green,WSU Boys 2016/2017 Green,05A,Field 05A,fe180a54-9b47-4ecf-864d-376c79e3b973
2025-09-13T14:15,"Referee Assignment: Referee - 491 Cutters SC 2014 Girls Red vs.  FCE United 2014 Girls White - ISL FALL 2025 (11U & Over, All Divisions) - Karst Farm Park - Field 08N",U12,U12,yes,U12,yes,U12,yes,2026,yes,2014,2014,Referee,Referee,491,491,Cutters SC 2014 Girls Red,Cutters SC 2014 Girls Red,FCE United 2014 Girls White,FCE United 2014 Girls White,08N,Field 08N,edc66d1b-df3f-4de8-95ed-896b7c4599ef
2025-09-13T13:00,"Referee Assignment: Referee - 406 FCE United 2014 Girls Black vs.  Impact SC 2014 GE1 - ISL FALL 2025 (11U & Over, All Divisions) - Karst Farm Park - Field 08N",U12,U12,yes,U12,yes,U12,yes,2026,yes,2014,2014,Referee,Referee,406,406,FCE United 2014 Girls Black,FCE United 2014 Girls Black,Impact SC 2014 GE1,Impact SC 2014 GE1,08N,Field 08N,95f10818-6370-493e-8e87-d7ef28008822
2025-09-07T16:30,"Referee Assignment: Referee - 1641 Cutters SC 2013 Boys White vs.  St Francis Premier 2013B Blue - ISL FALL 2025 (11U & Over, All Divisions) - Karst Farm Park - Field 01",U13,U13,yes,U13,yes,U13,yes,2026,yes,2013,2013,Referee,Referee,1641,1641,Cutters SC 2013 Boys White,Cutters SC 2013 Boys White,St Francis Premier 2013B Blue,St Francis Premier 2013B Blue,01,Field 01,122fafd4-75f3-48b2-883c-b3498f5cabbf
2025-09-07T14:45,"Referee Assignment: Asst Referee 2 - 1898 FCE United 2012 Boys vs.  Circle City FC 2012B Blue - ISL FALL 2025 (11U & Over, All Divisions) - Karst Farm Park - Field 02",U14,U14,yes,U14,yes,U14,yes,2026,yes,2012,2012,Asst Referee 2,Asst Referee 2,1898,1898,FCE United 2012 Boys,FCE United 2012 Boys,Circle City FC 2012B Blue,Circle City FC 2012B Blue,02,Field 02,3bf8fe95-92aa-451f-b569-e53953f75a24
2025-09-07T13:00,"Referee Assignment: Asst Referee 1 - 178 Alliance Eleven 2012B vs.  Impact SC 2012 BE1 - ISL FALL 2025 (11U & Over, All Divisions) - Karst Farm Park - Field 01",U14,U14,yes,U14,yes,U14,yes,2026,yes,2012,2012B,Asst Referee 1,Asst Referee 1,178,178,Alliance Eleven 2012B,Alliance Eleven 2012B,Impact SC 2012 BE1,Impact SC 2012 BE1,01,Field 01,c172315c-a4ad-4401-aa26-7ee8f8618f1b
2025-09-06T11:45,Referee Assignment: Referee - 145  vs.   - Rec League Games 2025 - Karst Farm Park - Field 08S,UNKNOWN,UNKNOWN,yes,UNKNOWN,yes,UNKNOWN,yes,2026,yes,,,Referee,Referee,145,145,Home,,Away,,08S,Field 08S,6d87a047-60f0-4ad9-9796-7bebe21f86e4
2025-09-06T10:30,Referee Assignment: Referee - 97  vs.   - Rec League Games 2025 - Karst Farm Park - 02A,UNKNOWN,UNKNOWN,yes,UNKNOWN,yes,UNKNOWN,yes,2026,yes,,,Referee,Referee,97,97,Home,,Away,,02A,02A,6293f831-8ffc-4225-9754-b53969e2c03b
2025-08-23T16:00,"Referee Assignment: Referee - 1273 Columbus Express 2014B Blue vs.  FCE United 2014 Boys White - ISL FALL 2025 (11U & Over, All Divisions) - Karst Farm Park - Field 08N",U12,U12,yes,U12,yes,U12,yes,2026,yes,2014,2014,Referee,Referee,1273,1273,Columbus Express 2014B Blue,Columbus Express 2014B Blue,FCE United 2014 Boys White,FCE United 2014 Boys White,08N,Field 08N,756fabf8-c902-4847-8e3f-a1f11321eda0
2025-08-23T14:15,"Referee Assignment: Referee - 504 WSU Girls 2014 Premiere vs.  FCE United 2014 Girls White - ISL FALL 2025 (11U & Over, All Divisions) - Karst Farm Park - Field 08N",U12,U12,yes,U12,yes,U12,yes,2026,yes,2014,2014,Referee,Referee,504,504,WSU Girls 2014 Premiere,WSU Girls 2014 Premiere,FCE United 2014 Girls White,FCE United 2014 Girls White,08N,Field 08N,68ea1b7c-7f45-4d41-ad2c-a1055ec17304
2025-05-24T14:00,"Referee Assignment: Asst Referee 1 - 2962 Cutters SC 2009/10 Boys White vs.  Columbus Express 2009B Blue - ISL SPRING 2025 (11U-19/20U, All Divisions) - Karst Farm Park - Field 01",U16,U16,yes,U16,yes,U16,yes,2025,yes,2009,2009,Asst Referee 1,Asst Referee 1,2962,2962,Cutters SC 2009/10 Boys White,Cutters SC 2009/10 Boys White,Columbus Express 2009B Blue,Columbus Express 2009B Blue,01,Field 01,84d89bd7-1d9b-4c6f-be75-1feec16e122b
2025-05-24T12:00,"Referee Assignment: Referee - 1199 St Francis Premier 2011G Blue vs.  FCE United 2011 Girls - ISL SPRING 2025 (11U-19/20U, All Divisions) - Karst Farm Park - Field 01",U14,U14,yes,U14,yes,U14,yes,2025,yes,2011,2011,Referee,Referee,1199,1199,St Francis Premier 2011G Blue,St Francis Premier 2011G Blue,FCE United 2011 Girls,FCE United 2011 Girls,01,Field 01,6529288b-cb40-45d8-8c26-08fcc9f5db06
2025-05-18T16:00,"Referee Assignment: Referee - 900 Cutters SC 2014 Girls Red vs.  WSU Girls 2014 Premiere - ISL SPRING 2025 (11U-19/20U, All Divisions) - Karst Farm Park - Field 08N",U11,U11,yes,U11,yes,U11,yes,2025,yes,2014,2014,Referee,Referee,900,900,Cutters SC 2014 Girls Red,Cutters SC 2014 Girls Red,WSU Girls 2014 Premiere,WSU Girls 2014 Premiere,08N,Field 08N,72f18ba0-174f-474b-abe2-e0356216b65a
2025-05-17T14:30,"Referee Assignment: Asst Referee 2 - 2850 Cutters SC 2009/10 Boys Red vs.  USAI 2009B White - ISL SPRING 2025 (11U-19/20U, All Divisions) - Karst Farm Park - Field 01",U16,U16,yes,U16,yes,U16,yes,2025,yes,2009,2009,Asst Referee 2,Asst Referee 2,2850,2850,Cutters SC 2009/10 Boys Red,Cutters SC 2009/10 Boys Red,USAI 2009B White,USAI 2009B White,01,Field 01,532abadc-5e51-44ad-ab54-89dff64c26da
2025-05-17T13:00,"Referee Assignment: Referee - 2621 Cutters SC 2011/12 Boys White vs.  Seymour Cyclones 2011 - ISL SPRING 2025 (11U-19/20U, All Divisions) - Karst Farm Park - Field 01",U14,U14,yes,U14,yes,U14,yes,2025,yes,2011,2011,Referee,Referee,2621,2621,Cutters SC 2011/12 Boys White,Cutters SC 2011/12 Boys White,Seymour Cyclones 2011,Seymour Cyclones 2011,01,Field 01,0591b627-05f1-4ea6-ab27-f85896b99eee
2025-05-10T15:00,"Referee Assignment: Referee - 896 Cutters SC 2014 Girls Red vs.  Carmel FC 2014G White II - ISL SPRING 2025 (11U-19/20U, All Divisions) - Karst Farm Park - Field 08N",U11,U11,yes,U11,yes,U11,yes,2025,yes,2014,2014,Referee,Referee,896,896,Cutters SC 2014 Girls Red,Cutters SC 2014 Girls Red,Carmel FC 2014G White II,Carmel FC 2014G White II,08N,Field 08N,9387bcbf-370c-4832-a497-11935a7def5c
2025-05-10T10:45,Referee Assignment: Referee - 22  vs.   - Rec League Games 2025 - Karst Farm Park - Field 08S,UNKNOWN,UNKNOWN,yes,UNKNOWN,yes,UNKNOWN,yes,2025,yes,,,Referee,Referee,22,22,Home,,Away,,08S,Field 08S,5a61bcfa-a630-4621-93e5-f5f04d4c2b6c
2025-05-10T09:30,Referee Assignment: Referee - 57  vs.   - Rec League Games 2025 - Karst Farm Park - Field 04B,UNKNOWN,UNKNOWN,yes,UNKNOWN,yes,UNKNOWN,yes,2025,yes,,,Referee,Referee,57,57,Home,,Away,,04B,Field 04B,ec080dce-2dbe-4d02-864e-231153f2163c
2025-04-28T19:15,"Referee Assignment: Referee - 260 Cutters SC 2009/10 Girls Red vs.  Hoosier FC 2009G Elite Wolves II - ISL SPRING 2025 (11U-19/20U, All Divisions) - Karst Farm Park - Field 01",U16,U16,yes,U16,yes,U16,yes,2025,yes,2009,2009,Referee,Referee,260,260,Cutters SC 2009/10 Girls Red,Cutters SC 2009/10 Girls Red,Hoosier FC 2009G Elite Wolves II,Hoosier FC 2009G Elite Wolves II,01,Field 01,7f48485c-0118-4ca8-906c-c69b7383d64d
2025-04-19T11:00,"Referee Assignment: Asst Referee 1 - 2435 Cutters SC 2012 Boys Red vs.  Circle City FC 2012B Blue - ISL SPRING 2025 (11U-19/20U, All Divisions) - Karst Farm Park - Field 02",U13,U13,yes,U13,yes,U13,yes,2025,yes,2012,2012,Asst Referee 1,Asst Referee 1,2435,2435,Cutters SC 2012 Boys Red,Cutters SC 2012 Boys Red,Circle City FC 2012B Blue,Circle City FC 2012B Blue,02,Field 02,73cecfe9-7918-479f-95b4-6412513a017c
2025-04-13T14:45,"Referee Assignment: Asst Referee 1 - 3089 Cutters SC U19 Boys Red vs.  Central Indiana Futbol Club HS boys - ISL SPRING 2025 (11U-19/20U, All Divisions) - Karst Farm Park - Field 02",U19,U19,yes,U19,yes,U19,yes,2025,yes,,U19,Asst Referee 1,Asst Referee 1,3089,3089,Cutters SC U19 Boys Red,Cutters SC U19 Boys Red,Central Indiana Futbol Club HS boys,Central Indiana Futbol Club HS boys,02,Field 02,51bf222c-8240-41ff-bdb8-193a0bfdfddd
2025-04-13T13:00,"Referee Assignment: Referee - 2183 Cutters SC 2013 Boys White vs.  TH Premier 2013B Samba - ISL SPRING 2025 (11U-19/20U, All Divisions) - Karst Farm Park - Field 08S",U12,U12,yes,U12,yes,U12,yes,2025,yes,2013,2013,Referee,Referee,2183,2183,Cutters SC 2013 Boys White,Cutters SC 2013 Boys White,TH Premier 2013B Samba,TH Premier 2013B Samba,08S,Field 08S,6dcd965c-7d42-450c-a00f-f61c05810544
2025-04-12T11:00,"Referee Assignment: Asst Referee 1 - 266 Cutters SC 2009/10 Girls Red vs.  NWI Lions United 2009G White - ISL SPRING 2025 (11U-19/20U, All Divisions) - Karst Farm Park - Field 01",U16,U16,yes,U16,yes,U16,yes,2025,yes,2009,2009,Asst Referee 1,Asst Referee 1,266,266,Cutters SC 2009/10 Girls Red,Cutters SC 2009/10 Girls Red,NWI Lions United 2009G White,NWI Lions United 2009G White,01,Field 01,c19ce275-c016-42e2-aeec-b063b907ac0e
2025-03-29T16:30,"Referee Assignment: Referee - 2844 Cutters SC 2009/10 Boys Red vs.  St Francis Premier 2009B Grey - ISL SPRING 2025 (11U-19/20U, All Divisions) - Karst Farm Park - Field 01",U16,U16,yes,U16,yes,U16,yes,2025,yes,2009,2009,Referee,Referee,2844,2844,Cutters SC 2009/10 Boys Red,Cutters SC 2009/10 Boys Red,St Francis Premier 2009B Grey,St Francis Premier 2009B Grey,01,Field 01,80f0d737-fecb-45b1-8c19-4bedd489d16c
2025-03-29T14:30,"Referee Assignment: Asst Referee 1 - 3071 Cutters SC U18 Boys Red vs.  Indy Eleven 2007/2008B White - ISL SPRING 2025 (11U-19/20U, All Divisions) - Karst Farm Park - Field 01",U18,U18,yes,U18,yes,U18,yes,2025,yes,,U18,Asst Referee 1,Asst Referee 1,3071,3071,Cutters SC U18 Boys Red,Cutters SC U18 Boys Red,Indy Eleven 2007/2008B White,Indy Eleven 2007/2008B White,01,Field 01,89c4d625-4cbd-4fe1-9323-7f96e60530ee
2024-09-21T11:00,Referee Assignment: Referee - 132  vs.   - Rec League Games 2024 - Karst Farm Park - Field 06A - DNU,UNKNOWN,UNKNOWN,yes,UNKNOWN,yes,UNKNOWN,yes,2025,yes,,,Referee,Referee,132,132,Home,,Away,,06A,Field 06A,cebcde80-a27b-420c-a8d0-92acdefdb5bb
2024-09-21T09:30,Referee Assignment: Referee - 130  vs.   - Rec League Games 2024 - Karst Farm Park - Field 06A - DNU,UNKNOWN,UNKNOWN,yes,UNKNOWN,yes,UNKNOWN,yes,2025,yes,,,Referee,Referee,130,130,Home,,Away,,06A,Field 06A,2cc736ee-4988-4f08-8a20-98525847fafe
2024-08-25T15:30,Referee Assignment: Asst Referee 1 - 1772 Cutters SC 2011/12 Boys White vs.  Indy Eleven Spirit 11B White - ISL FALL 2024 ALL AGES & DIVISIONS - Karst Farm Park - Field 04,U14,U14,yes,U14,yes,U14,yes,2025,yes,2011,2011,Asst Referee 1,Asst Referee 1,1772,1772,Cutters SC 2011/12 Boys White,Cutters SC 2011/12 Boys White,Indy Eleven Spirit 11B White,Indy Eleven Spirit 11B White,04,Field 04,cf95883c-5268-4633-be73-79c3b39ee6b3
2024-08-25T11:30,Referee Assignment: Referee - 1773 Indy Eleven Spirit 11B White vs.  Circle City FC 2011B Red - ISL FALL 2024 ALL AGES & DIVISIONS - Karst Farm Park - Field 04,U14,U14,yes,U14,yes,U14,yes,2025,yes,2011,11B,Referee,Referee,1773,1773,Indy Eleven Spirit 11B White,Indy Eleven Spirit 11B White,Circle City FC 2011B Red,Circle City FC 2011B Red,04,Field 04,6cf4aeea-469a-4617-8899-bb5f37905f51
2024-08-17T17:15,Referee Assignment: Referee - 202422  vs.   - Karst Park Friendlies 2024 - Karst Farm Park - Field 08N,UNKNOWN,UNKNOWN,yes,UNKNOWN,yes,UNKNOWN,yes,2025,yes,,,Referee,Referee,202422,202422,Home,,Away,,08N,Field 08N,df90481b-309c-4d9d-9b1a-8e29e3c14a9f
2024-08-17T16:00,Referee Assignment: Asst Referee 2 - 202421  vs.   - Karst Park Friendlies 2024 - Karst Farm Park - Field 08N,UNKNOWN,UNKNOWN,yes,UNKNOWN,yes,UNKNOWN,yes,2025,yes,,,Asst Referee 2,Asst Referee 2,202421,202421,Home,,Away,,08N,Field 08N,27d2d9e3-ff14-49f0-9df4-e71af3af5a77
2024-08-17T14:00,Referee Assignment: Asst Referee 2 - 202413  vs.   - Karst Park Friendlies 2024 - Karst Farm Park - Field 04,UNKNOWN,UNKNOWN,yes,UNKNOWN,yes,UNKNOWN,yes,2025,yes,,,Asst Referee 2,Asst Referee 2,202413,202413,Home,,Away,,04,Field 04,f831f8b7-63da-44c7-9a6c-9c0143c413fa
2024-08-17T12:30,Referee Assignment: Referee - 202412  vs.   - Karst Park Friendlies 2024 - Karst Farm Park - Field 04,UNKNOWN,UNKNOWN,yes,UNKNOWN,yes,UNKNOWN,yes,2025,yes,,,Referee,Referee,202412,202412,Home,,Away,,04,Field 04,eee890e9-7657-40e3-abbb-eec08636e260
2024-08-17T11:00,Referee Assignment: Asst Referee 2 - 202411  vs.   - Karst Park Friendlies 2024 - Karst Farm Park - Field 04,UNKNOWN,UNKNOWN,yes,UNKNOWN,yes,UNKNOWN,yes,2025,yes,,,Asst Referee 2,Asst Referee 2,202411,202411,Home,,Away,,04,Field 04,2e1e7acf-b633-4c21-bab5-f1227f36e56e
2024-05-22T19:15,Referee Assignment: Referee - 92  vs.   - Rec League Games 2024 - Karst Farm Park - Field 06B - DNU,UNKNOWN,UNKNOWN,yes,UNKNOWN,yes,UNKNOWN,yes,2024,yes,,,Referee,Referee,92,92,Home,,Away,,06B,Field 06B,45d14a21-9e9c-4601-ad29-33c6fb79dc66
2024-05-22T18:00,Referee Assignment: Referee - 88  vs.   - Rec League Games 2024 - Karst Farm Park - Field 06B - DNU,UNKNOWN,UNKNOWN,yes,UNKNOWN,yes,UNKNOWN,yes,2024,yes,,,Referee,Referee,88,88,Home,,Away,,06B,Field 06B,794879b4-5755-47ef-a00e-0ddd88abcf6e
2024-05-20T19:15,Referee Assignment: Referee - 80  vs.   - Rec League Games 2024 - Karst Farm Park - Field 06A - DNU,UNKNOWN,UNKNOWN,yes,UNKNOWN,yes,UNKNOWN,yes,2024,yes,,,Referee,Referee,80,80,Home,,Away,,06A,Field 06A,33a3e377-c186-4754-ac1a-af62fe3eca95
2024-05-20T18:00,Referee Assignment: Referee - 76  vs.   - Rec League Games 2024 - Karst Farm Park - Field 06A - DNU,UNKNOWN,UNKNOWN,yes,UNKNOWN,yes,UNKNOWN,yes,2024,yes,,,Referee,Referee,76,76,Home,,Away,,06A,Field 06A,d7666f0b-e47d-4523-8cc7-838527871878
2024-05-11T10:45,Referee Assignment: Referee - 60  vs.   - Rec League Games 2024 - Karst Farm Park - Field 06A - DNU,UNKNOWN,UNKNOWN,yes,UNKNOWN,yes,UNKNOWN,yes,2024,yes,,,Referee,Referee,60,60,Home,,Away,,06A,Field 06A,e67bef64-4442-497b-aa4e-2db4fbddefd6
2024-05-11T09:30,Referee Assignment: Referee - 54  vs.   - Rec League Games 2024 - Karst Farm Park - Field 06A - DNU,UNKNOWN,UNKNOWN,yes,UNKNOWN,yes,UNKNOWN,yes,2024,yes,,,Referee,Referee,54,54,Home,,Away,,06A,Field 06A,ec5c2350-e0ab-4754-84db-4f9b039fab13
2024-05-04T10:45,Referee Assignment: Referee - 51  vs.   - Rec League Games 2024 - Karst Farm Park - Field 07A - DNU,UNKNOWN,UNKNOWN,yes,UNKNOWN,yes,UNKNOWN,yes,2024,yes,,,Referee,Referee,51,51,Home,,Away,,07A,Field 07A,e4bb83b2-4622-41fb-8b34-a3d0e01e58fe
2024-05-04T09:30,Referee Assignment: Referee - 45  vs.   - Rec League Games 2024 - Karst Farm Park - Field 07A - DNU,UNKNOWN,UNKNOWN,yes,UNKNOWN,yes,UNKNOWN,yes,2024,yes,,,Referee,Referee,45,45,Home,,Away,,07A,Field 07A,1acd6a06-4f9b-44b0-930d-ee02fb9b08c3
